{"swagger":"2.0","info":{"title":"Default title","description":"","version":"1.0"},"host":"catfact.ninja","basePath":"/","schemes":["https"],"consumes":[],"produces":[],"paths":{"/":{"post":{"responses":{"default":{"description":"default","schema":{"type":"object","properties":{"NumPrimes":{"type":"integer","format":"int32","description":"NumPrimes","title":"","x-ms-visibility":"important"},"ScriptDuration":{"type":"integer","format":"int32","description":"ScriptDuration","title":"","x-ms-visibility":"important"}}}}},"summary":"Count Primes","operationId":"CountPrimes","x-ms-visibility":"important","parameters":[{"name":"body","in":"body","required":true,"schema":{"type":"object","properties":{"UpTo":{"type":"integer","format":"int32","description":"UpTo","title":"","x-ms-visibility":"important"}},"required":["UpTo"]}}]}}},"definitions":{},"parameters":{},"responses":{},"securityDefinitions":{},"security":[],"tags":[]}