<ImportExportXml xmlns:xsi="http://www.w3.org/2001/XMLSchema-instance">
  <Entities></Entities>
  <Roles></Roles>
  <Workflows></Workflows>
  <FieldSecurityProfiles></FieldSecurityProfiles>
  <Templates />
  <EntityMaps />
  <EntityRelationships />
  <OrganizationSettings />
  <optionsets />
  <CustomControls />
  <EntityDataProviders />
  <CanvasApps>
    <CanvasApp>
      <Name>pgc_primesieveviacustomconnector_68738</Name>
      <AppVersion>2021-08-01T16:26:58Z</AppVersion>
      <Status>Ready</Status>
      <CreatedByClientVersion>3.21073.25.0</CreatedByClientVersion>
      <MinClientVersion>3.21073.25.0</MinClientVersion>
      <Tags>{"primaryDeviceWidth":"640","primaryDeviceHeight":"640","sienaVersion":"397e68f9-1371-4d65-8efd-20495bfe1ceb","deviceCapabilities":"","supportsPortrait":"true","supportsLandscape":"true","primaryFormFactor":"Phone","publisherVersion":"3.21073.25","minimumRequiredApiVersion":"2.2.0","hasComponent":"true","hasUnlockedComponent":"true","isUnifiedRootApp":"false"}</Tags>
      <IsCdsUpgraded>0</IsCdsUpgraded>
      <GalleryItemId xsi:nil="true"></GalleryItemId>
      <BackgroundColor>rgba(0, 176, 240, 1)</BackgroundColor>
      <DisplayName>Prime Sieve via Custom Connector</DisplayName>
      <Description xsi:nil="true"></Description>
      <CommitMessage xsi:nil="true"></CommitMessage>
      <Publisher xsi:nil="true"></Publisher>
      <AuthorizationReferences>[]</AuthorizationReferences>
      <ConnectionReferences>{"cc037304-55ff-4af2-ad98-23294b67d14e":{"id":"/providers/microsoft.powerapps/apis/shared_pgc-5fprime-20counter-5f795a1bd7c6ed5219","displayName":"Prime Counter","iconUri":"https://az787822.vo.msecnd.net/defaulticons/api-dedicated.png","dataSources":["CustomConnectorCountPrimes"],"dependencies":[],"dependents":[],"parameterHints":{},"parameterHintsV2":{},"isOnPremiseConnection":false,"bypassConsent":false,"dataSets":{},"apiTier":"Standard","actions":["CountPrimes"],"customApiLogicalName":"pgc_5Fprime-20counter","isCustomApiSolutionAware":true}}</ConnectionReferences>
      <DatabaseReferences>{}</DatabaseReferences>
      <AppComponents>[]</AppComponents>
      <AppComponentDependencies>[]</AppComponentDependencies>
      <CanConsumeAppPass>1</CanConsumeAppPass>
      <CanvasAppType>0</CanvasAppType>
      <BypassConsent>0</BypassConsent>
      <AdminControlBypassConsent>0</AdminControlBypassConsent>
      <EmbeddedApp xsi:nil="true"></EmbeddedApp>
      <IntroducedVersion>1.0</IntroducedVersion>
      <CdsDependencies>{"cdsdependencies":[{"logicalname":"pgc_5Fprime-20counter","componenttype":372,"componenttypeplatformname":"connector"}]}</CdsDependencies>
      <IsCustomizable>1</IsCustomizable>
      <BackgroundImageUri>/CanvasApps/pgc_primesieveviacustomconnector_68738_BackgroundImageUri</BackgroundImageUri>
      <DocumentUri>/CanvasApps/pgc_primesieveviacustomconnector_68738_DocumentUri.msapp</DocumentUri>
    </CanvasApp>
  </CanvasApps>
  <Connectors>
    <Connector>
      <connectorid>0fba53a3-bf25-4304-a0fe-fae081b42b5c</connectorid>
      <description></description>
      <displayname>Prime Counter</displayname>
      <iconbrandcolor>#007ee5</iconbrandcolor>
      <name>pgc_5Fprime-20counter</name>
      <connectortype>1</connectortype>
      <openapidefinition>/Connector/pgc_5Fprime-20counter_openapidefinition.json</openapidefinition>
      <connectionparameters>/Connector/pgc_5Fprime-20counter_connectionparameters.json</connectionparameters>
      <policytemplateinstances>/Connector/pgc_5Fprime-20counter_policytemplateinstances.json</policytemplateinstances>
      <iconblob>/Connector/pgc_5Fprime-20counter_iconblob.Png</iconblob>
    </Connector>
  </Connectors>
  <Languages>
    <Language>1033</Language>
  </Languages>
</ImportExportXml>